-0.9560081,-2.1898545
39.0439919,-2.1898545
39.0439919,-1.1898545
0.0439919,-1.1898545
0.0439919,37.8101455
-0.9560081,37.8101455

-0.9718040,-2.1817070
39.0273320,-2.4445999
39.0339044,-1.4446215
0.0347467,-1.1883009
0.2910672,37.8108567
-0.7089112,37.8174291

-0.9875542,-2.1735126
39.0089902,-2.6992870
39.0221345,-1.6993734
0.0255038,-1.1867434
0.5381338,37.8098874
-0.4617798,37.8230318

-1.0032560,-2.1652675
38.9889690,-2.9539008
39.0086848,-1.9540952
0.0162655,-1.1851777
0.7851829,37.8072416
-0.2146228,37.8269574

-1.0189069,-2.1569681
38.9672712,-3.2084261
38.9935576,-2.2087716
0.0070340,-1.1836001
1.0322056,37.8029235
0.0325511,37.8292100

-1.0345043,-2.1486106
38.9438996,-3.4628479
38.9767555,-2.4633878
-0.0021883,-1.1820064
1.2791931,37.7969374
0.2797330,37.8297934

-1.0500457,-2.1401912
38.9188572,-3.7171511
38.9582812,-2.7179285
-0.0113991,-1.1803926
1.5261368,37.7892877
0.5269142,37.8287117

-1.0655284,-2.1317063
38.8921469,-3.9713207
38.9381373,-2.9723788
-0.0205962,-1.1787548
1.7730278,37.7799787
0.7740859,37.8259690

-1.0809500,-2.1231521
38.8637718,-4.2253415
38.9163265,-3.2267235
-0.0297773,-1.1770888
2.0198574,37.7690149
1.0212393,37.8215697

-1.0963079,-2.1145250
38.8337349,-4.4791986
38.8928518,-3.4809475
-0.0389400,-1.1753908
2.2666167,37.7564009
1.2683656,37.8155178

-1.1115995,-2.1058212
38.8020396,-4.7328768
38.8677159,-3.7350358
-0.0480821,-1.1736566
2.5132971,37.7421414
1.5154561,37.8078178

-1.1268222,-2.0970370
38.7686889,-4.9863611
38.8409220,-3.9889734
-0.0572013,-1.1718823
2.7598897,37.7262410
1.7625020,37.7984741

-1.1419735,-2.0881687
38.7336864,-5.2396366
38.8124731,-4.2427451
-0.0662953,-1.1700639
3.0063859,37.7087045
2.0094944,37.7874912

-1.1570508,-2.0792126
38.6970353,-5.4926881
38.7823722,-4.4963359
-0.0753618,-1.1681973
3.2527768,37.6895367
2.2564247,37.7748736

-1.1720517,-2.0701649
38.6587393,-5.7455006
38.7506226,-4.7497308
-0.0843985,-1.1662786
3.4990537,37.6687426
2.5032840,37.7606260

-1.1869735,-2.0610221
38.6188017,-5.9980592
38.7172276,-5.0029148
-0.0934032,-1.1643036
3.7452080,37.6463272
2.7500636,37.7447531

-1.2018137,-2.0517803
38.5772263,-6.2503487
38.6821905,-5.2558727
-0.1023735,-1.1622685
3.9912307,37.6222955
2.9967547,37.7272597

-1.2165698,-2.0424358
38.5340168,-6.5023542
38.6455147,-5.5085896
-0.1113071,-1.1601691
4.2371133,37.5966527
3.2433487,37.7081507

-1.2312391,-2.0329851
38.4891768,-6.7540608
38.6072037,-5.7610504
-0.1202018,-1.1580015
4.4828470,37.5694040
3.4898366,37.6874309

-1.2458193,-2.0234243
38.4427104,-7.0054534
38.5672611,-6.0132402
-0.1290553,-1.1557617
4.7284231,37.5405547
3.7362099,37.6651054

-1.2603076,-2.0137497
38.3946213,-7.2565171
38.5256905,-6.2651439
-0.1378652,-1.1534457
4.9738330,37.5101100
3.9824597,37.6411792

-1.2747017,-2.0039578
38.3449136,-7.5072369
38.4824956,-6.5167465
-0.1466294,-1.1510494
5.2190678,37.4780756
4.2285774,37.6156576

-1.2889990,-1.9940447
38.2935913,-7.7575978
38.4376802,-6.7680331
-0.1553454,-1.1485688
5.4641189,37.4444568
4.4745542,37.5885456

-1.3031968,-1.9840068
38.2406586,-8.0075850
38.3912481,-7.0189886
-0.1640110,-1.1459999
5.7089777,37.4092592
4.7203814,37.5598486

-1.3172928,-1.9738404
38.1861197,-8.2571835
38.3432033,-7.2695982
-0.1726239,-1.1433387
5.9536356,37.3724885
4.9660502,37.5295721

-1.3312844,-1.9635419
38.1299788,-8.5063784
38.2935497,-7.5198468
-0.1811819,-1.1405812
6.1980837,37.3341504
5.2115521,37.4977213

-1.3451690,-1.9531074
38.0722403,-8.7551548
38.2422915,-7.7697195
-0.1896826,-1.1377234
6.4423136,37.2942506
5.4568784,37.4643018

-1.3589441,-1.9425335
38.0129085,-9.0034979
38.1894326,-8.0192015
-0.1981237,-1.1347613
6.6863165,37.2527950
5.7020202,37.4293192

-1.3726081,-1.9318189
37.9519873,-9.2513952
38.1349767,-8.2682803
-0.2065038,-1.1316934
6.9300831,37.2097871
5.9469683,37.3927765

-1.3861599,-1.9209650
37.8894795,-9.4988371
38.0789263,-8.5169461
-0.2148221,-1.1285208
7.1736032,37.1652277
6.1917122,37.3546745

-1.3995988,-1.9099734
37.8253881,-9.7458141
38.0212841,-8.7651894
-0.2230782,-1.1252448
7.4168665,37.1191175
6.4362418,37.3150135

-1.4129240,-1.8988460
37.7597161,-9.9923166
37.9620529,-9.0130006
-0.2312712,-1.1218667
7.6598627,37.0714574
6.6805467,37.2737941

-1.4261345,-1.8875841
37.6924667,-10.2383352
37.9012354,-9.2603702
-0.2394007,-1.1183879
7.9025816,37.0222482
6.9246166,37.2310170

-1.4392296,-1.8761896
37.6236429,-10.4838604
37.8388347,-9.5072886
-0.2474660,-1.1148096
8.1450130,36.9714911
7.1684412,37.1866828

-1.4522083,-1.8646640
37.5532480,-10.7288827
37.7748535,-9.7537463
-0.2554665,-1.1111331
8.3871467,36.9191869
7.4120103,37.1407924

-1.4650700,-1.8530090
37.4812855,-10.9733927
37.7092950,-9.9997338
-0.2634015,-1.1073597
8.6289725,36.8653368
7.6553137,37.0933464

-1.4778137,-1.8412263
37.4077585,-11.2173809
37.6421624,-10.2452416
-0.2712705,-1.1034908
8.8704803,36.8099420
7.8983410,37.0443459

-1.4904386,-1.8293174
37.3326706,-11.4608381
37.5734586,-10.4902603
-0.2790729,-1.0995277
9.1116598,36.7530038
8.1410821,36.9937918

-1.5029439,-1.8172840
37.2560253,-11.7037547
37.5031871,-10.7347804
-0.2868079,-1.0954716
9.3525009,36.6945235
8.3835267,36.9416852

-1.5153288,-1.8051279
37.1778263,-11.9461214
37.4313511,-10.9787925
-0.2944751,-1.0913238
9.5929936,36.6345024
8.6256647,36.8880272

-1.5275924,-1.7928505
37.0980771,-12.1879289
37.3579540,-11.2222872
-0.3020738,-1.0870857
9.8331277,36.5729420
8.8674859,36.8328190

-1.5397340,-1.7804536
37.0167814,-12.4291679
37.2829993,-11.4652550
-0.3096033,-1.0827586
10.0728931,36.5098440
9.1089802,36.7760618

-1.5517527,-1.7679389
36.9339432,-12.6698290
37.2064905,-11.7076866
-0.3170631,-1.0783437
10.3122798,36.4452098
9.3501374,36.7177571

-1.5636477,-1.7553079
36.8495663,-12.9099029
37.1284312,-11.9495726
-0.3244525,-1.0738424
10.5512777,36.3790412
9.5909473,36.6579061

-1.5754182,-1.7425624
36.7636546,-13.1493805
37.0488250,-12.1909037
-0.3317709,-1.0692560
10.7898768,36.3113399
9.8313999,36.5965104

-1.5870634,-1.7297039
36.6762121,-13.3882524
36.9676758,-12.4316705
-0.3390178,-1.0645857
11.0280670,36.2421078
10.0714851,36.5335715

-1.5985824,-1.7167342
36.5872429,-13.6265095
36.8849873,-12.6718639
-0.3461924,-1.0598330
11.2658385,36.1713467
10.3111929,36.4690911

-1.6099745,-1.7036549
36.4967512,-13.8641425
36.8007634,-12.9114744
-0.3532942,-1.0549990
11.5031812,36.0990585
10.5505131,36.4030707

-1.6212389,-1.6904677
36.4047411,-14.1011424
36.7150080,-13.1504929
-0.3603225,-1.0500851
11.7400853,36.0252454
10.7894358,36.3355123

-1.6323747,-1.6771742
36.3112170,-14.3374998
36.6277252,-13.3889100
-0.3672768,-1.0450926
11.9765407,35.9499094
11.0279509,36.2664175

-1.6433812,-1.6637761
36.2161833,-14.5732058
36.5389190,-13.6267167
-0.3741564,-1.0400228
12.2125375,35.8730526
11.2660484,36.1957884

-1.6542576,-1.6502751
36.1196443,-14.8082512
36.4485937,-13.8639037
-0.3809607,-1.0348770
12.4480660,35.7946774
11.5037185,36.1236268

-1.6650031,-1.6366728
36.0216045,-15.0426270
36.3567533,-14.1004618
-0.3876891,-1.0296565
12.6831163,35.7147860
11.7409511,36.0499348

-1.6756169,-1.6229709
35.9220685,-15.2763240
36.2634023,-14.3363819
-0.3943409,-1.0243626
12.9176784,35.6333807
11.9777363,35.9747145

-1.6860981,-1.6091709
35.8210410,-15.5093333
36.1685451,-14.5716548
-0.4009156,-1.0189965
13.1517427,35.5504641
12.2140643,35.8979682

-1.6964459,-1.5952744
35.7185268,-15.7416455
36.0721861,-14.8062712
-0.4074123,-1.0135593
13.3852996,35.4660391
12.4499253,35.8196983

-1.7066592,-1.5812824
35.6145309,-15.9732513
35.9743301,-15.0402215
-0.4138302,-1.0080519
13.6183394,35.3801085
12.6853097,35.7399077

-1.7167371,-1.5671963
35.5090583,-16.2041412
35.8749819,-15.2734963
-0.4201686,-1.0024750
13.8508527,35.2926755
12.9202078,35.6585991

-1.7266786,-1.5530173
35.4021141,-16.4343060
35.7741463,-15.5060862
-0.4264265,-0.9968297
14.0828300,35.2037432
13.1546102,35.5757754

-1.7364826,-1.5387466
35.2937035,-16.6637364
35.6718283,-15.7379817
-0.4326032,-0.9911167
14.3142618,35.1133148
13.3885071,35.4914395

-1.7461483,-1.5243856
35.1838318,-16.8924230
35.5680327,-15.9691735
-0.4386978,-0.9853370
14.5451386,35.0213935
13.6218891,35.4055945

-1.7556745,-1.5099354
35.0725042,-17.1203566
35.4627647,-16.1996521
-0.4447095,-0.9794915
14.7754511,34.9279828
13.8547467,35.3182433

-1.7650605,-1.4953974
34.9597261,-17.3475281
35.3560294,-16.4294084
-0.4506375,-0.9735810
15.0051899,34.8330860
14.0870702,35.2293892

-1.7743051,-1.4807727
34.8455030,-17.5739282
35.2478319,-16.6584330
-0.4564810,-0.9676064
15.2343456,34.7367065
14.3188504,35.1390354

-1.7834074,-1.4660628
34.7298404,-17.7995478
35.1381775,-16.8867166
-0.4622391,-0.9615687
15.4629088,34.6388479
14.5500776,35.0471851

-1.7923665,-1.4512687
34.6127437,-18.0243778
35.0270715,-17.1142500
-0.4679110,-0.9554686
15.6908703,34.5395139
14.7807426,34.9538416

-1.8011814,-1.4363917
34.4942188,-18.2484090
34.9145192,-17.3410240
-0.4734960,-0.9493072
15.9182209,34.4387080
15.0108359,34.8590084

-1.8098511,-1.4214332
34.3742712,-18.4716325
34.8005262,-17.5670294
-0.4789930,-0.9430852
16.1449512,34.3364341
15.2403482,34.7626890

-1.8183746,-1.4063944
34.2529067,-18.6940392
34.6850979,-17.7922571
-0.4844015,-0.9368035
16.3710521,34.2326958
15.4692701,34.6648869

-1.8267511,-1.3912766
34.1301313,-18.9156200
34.5682398,-18.0166980
-0.4897204,-0.9304631
16.5965144,34.1274972
15.6975923,34.5656057

-1.8349795,-1.3760810
34.0059506,-19.1363661
34.4499578,-18.2403429
-0.4949491,-0.9240648
16.8213289,34.0208420
15.9253057,34.4648491

-1.8430588,-1.3608088
33.8803709,-19.3562685
34.3302574,-18.4631828
-0.5000866,-0.9176096
17.0454866,33.9127344
16.1524009,34.3626209

-1.8509883,-1.3454615
33.7533979,-19.5753184
34.2091443,-18.6852087
-0.5051322,-0.9110982
17.2689783,33.8031783
16.3788687,34.2589247

-1.8587668,-1.3300401
33.6250379,-19.7935068
34.0866246,-18.9064117
-0.5100850,-0.9045316
17.4917950,33.6921780
16.6046999,34.1537646

-1.8663935,-1.3145460
33.4952970,-20.0108249
33.9627040,-19.1267827
-0.5149442,-0.8979107
17.7139277,33.5797375
16.8298855,34.0471445

-1.8738673,-1.2989805
33.3641815,-20.2272640
33.8373885,-19.3463128
-0.5197090,-0.8912364
17.9353675,33.4658612
17.0544162,33.9390683

-1.8811875,-1.2833448
33.2316975,-20.4428154
33.7106842,-19.5649932
-0.5243786,-0.8845094
18.1561052,33.3505534
17.2782831,33.8295401

-1.8883529,-1.2676402
33.0978514,-20.6574701
33.5825972,-19.7828150
-0.5289521,-0.8777308
18.3761321,33.2338184
17.5014770,33.7185641

-1.8953628,-1.2518680
32.9626497,-20.8712197
33.4531335,-19.9997694
-0.5334287,-0.8709015
18.5954393,33.1156607
17.7239890,33.6061445

-1.9022161,-1.2360294
32.8260989,-21.0840555
33.3222995,-20.2158476
-0.5378076,-0.8640222
18.8140179,32.9960849
17.9458100,33.4922856

-1.9089119,-1.2201257
32.6882053,-21.2959688
33.1901014,-20.4310409
-0.5420879,-0.8570939
19.0318591,32.8750955
18.1669312,33.3769916

-1.9154495,-1.2041584
32.5489756,-21.5069513
33.0565454,-20.6453407
-0.5462690,-0.8501176
19.2489541,32.7526969
18.3873434,33.2602668

-1.9218282,-1.1881290
32.4084161,-21.7169948
32.9216377,-20.8587387
-0.5503504,-0.8430946
19.4652937,32.6288936
18.6070376,33.1421152

-1.9280473,-1.1720394
32.2665332,-21.9260912
32.7853844,-21.0712267
-0.5543315,-0.8360262
19.6808690,32.5036898
18.8260045,33.0225411

-1.9341064,-1.1558911
32.1233333,-22.1342325
32.6477918,-21.2827965
-0.5582119,-0.8289137
19.8956710,32.3770900
19.0442350,32.9015485

-1.9400047,-1.1396859
31.9788229,-22.3414106
32.5088660,-21.4934399
-0.5619909,-0.8217583
20.1096907,32.2490986
19.2617200,32.7791418

-1.9457418,-1.1234254
31.8330087,-22.5476177
32.3686135,-21.7031489
-0.5656682,-0.8145614
20.3229193,32.1197203
19.4784505,32.6553251

-1.9513169,-1.1071113
31.6858974,-22.7528457
32.2270407,-21.9119154
-0.5692432,-0.8073243
20.5353479,31.9889596
19.6944175,32.5301029

-1.9567295,-1.0907453
31.5374955,-22.9570869
32.0841540,-22.1197312
-0.5727154,-0.8000483
20.7469676,31.8568211
19.9096120,32.4034797

-1.9619791,-1.0743292
31.3878099,-23.1603332
31.9399600,-22.3265885
-0.5760843,-0.7927345
20.9577697,31.7233097
20.1240250,32.2754598

-1.9670650,-1.0578645
31.2368474,-23.3625771
31.7944652,-22.5324793
-0.5793493,-0.7853845
21.1677455,31.5884301
20.3376477,32.1460479

-1.9719866,-1.0413529
31.0846149,-23.5638106
31.6476763,-22.7373956
-0.5825101,-0.7779993
21.3768862,31.4521871
20.5504711,32.0152485

-1.9767434,-1.0247962
30.9311193,-23.7640261
31.4996000,-22.9413296
-0.5855661,-0.7705804
21.5851831,31.3145856
20.7624865,31.8830664

-1.9813347,-1.0081961
30.7763676,-23.9632160
31.3502431,-23.1442734
-0.5885167,-0.7631290
21.7926277,31.1756308
20.9736851,31.7495062

-1.9857601,-0.9915542
30.6203670,-24.1613724
31.1996124,-23.3462193
-0.5913615,-0.7556465
21.9992113,31.0353274
21.1840582,31.6145729

-1.9900189,-0.9748722
30.4631244,-24.3584880
31.0477148,-23.5471594
-0.5940999,-0.7481340
22.2049255,30.8936808
21.3935969,31.4782711

-1.9941106,-0.9581518
30.3046472,-24.5545551
30.8945573,-23.7470861
-0.5967315,-0.7405929
22.4097617,30.7506959
21.6022927,31.3406060

-1.9980345,-0.9413947
30.1449425,-24.7495662
30.7401468,-23.9459918
-0.5992558,-0.7330245
22.6137114,30.6063780
21.8101370,31.2015823

-2.0017902,-0.9246026
29.9840176,-24.9435139
30.5844904,-24.1438687
-0.6016722,-0.7254302
22.8167663,30.4607324
22.0171211,31.0612052

-2.0053770,-0.9077771
29.8218800,-25.1363907
30.4275953,-24.3407093
-0.6039802,-0.7178110
23.0189180,30.3137645
22.2232366,30.9194798

-2.0087944,-0.8909201
29.6585369,-25.3281893
30.2694686,-24.5365060
-0.6061794,-0.7101685
23.2201581,30.1654795
22.4284749,30.7764112

-2.0120419,-0.8740330
29.4939959,-25.5189024
30.1101176,-24.7312515
-0.6082692,-0.7025038
23.4204785,30.0158830
22.6328275,30.6320047

-2.0151188,-0.8571178
29.3282644,-25.7085227
29.9495496,-24.9249381
-0.6102491,-0.6948183
23.6198707,29.8649803
22.8362861,30.4862655

-2.0180247,-0.8401759
29.1613502,-25.8970430
29.7877718,-25.1175586
-0.6121186,-0.6871132
23.8183267,29.7127772
23.0388423,30.3391989

-2.0207589,-0.8232092
28.9932607,-26.0844560
29.6247919,-25.3091055
-0.6138773,-0.6793899
24.0158383,29.5592792
23.2404878,30.1908104

-2.0233210,-0.8062194
28.8240037,-26.2707547
29.4606171,-25.4995715
-0.6155245,-0.6716496
24.2123974,29.4044920
23.4412143,30.0411054

-2.0257103,-0.7892080
28.6535870,-26.4559319
29.2952551,-25.6889494
-0.6170598,-0.6638937
24.4079959,29.2484212
23.6410135,29.8900893

-2.0279265,-0.7721769
28.4820183,-26.6399806
29.1287134,-25.8772320
-0.6184828,-0.6561233
24.6026259,29.0910728
23.8398772,29.7377679

-2.0299693,-0.7551273
28.3093050,-26.8228936
28.9609992,-26.0644117
-0.6197933,-0.6483396
24.7962788,28.9324528
24.0377970,29.5841470

-2.0318387,-0.7380608
28.1354545,-27.0046635
28.7921196,-26.2504811
-0.6209913,-0.6405435
24.9889463,28.7725674
24.2347640,29.4292325

-2.0335349,-0.7209785
27.9604742,-27.1852830
28.6220818,-26.4354328
-0.6220771,-0.6327359
25.1806199,28.6114230
24.4307697,29.2730307

-2.0350579,-0.7038818
27.7843715,-27.3647451
28.4508931,-26.6192594
-0.6230505,-0.6249177
25.3712912,28.4490260
24.6258054,29.1155476

-2.0364076,-0.6867722
27.6071540,-27.5430425
28.2785607,-26.8019535
-0.6239118,-0.6170899
25.5609518,28.2853826
24.8198628,28.9567894

-2.0375842,-0.6696508
27.4288291,-27.7201682
28.1050920,-26.9835078
-0.6246609,-0.6092534
25.7495935,28.1204995
25.0129332,28.7967625

-2.0385876,-0.6525191
27.2494045,-27.8961150
27.9304944,-27.1639152
-0.6252979,-0.6014092
25.9372081,27.9543831
25.2050083,28.6354730

-2.0394180,-0.6353783
27.0688879,-28.0708760
27.7547753,-27.3431683
-0.6258229,-0.5935581
26.1237872,27.7870401
25.3960796,28.4729275

-2.0400754,-0.6182299
26.8872869,-28.2444442
27.5779422,-27.5212601
-0.6262360,-0.5857012
26.3093229,27.6184770
25.5861388,28.3091323

-2.0405598,-0.6010752
26.7046093,-28.4168127
27.4000027,-27.6981834
-0.6265372,-0.5778394
26.4938069,27.4487005
25.7751777,28.1440939

-2.0408714,-0.5839154
26.5208629,-28.5879747
27.2209644,-27.8739313
-0.6267265,-0.5699735
26.6772312,27.2777174
25.9631879,27.9778189

-2.0410101,-0.5667520
26.3360556,-28.7579233
27.0408349,-28.0484967
-0.6268042,-0.5621046
26.8595879,27.1055345
26.1501613,27.8103137

-2.0409760,-0.5495862
26.1501953,-28.9266519
26.8596220,-28.2218726
-0.6267701,-0.5542336
27.0408690,26.9321585
26.3360897,27.6415852

-2.0407692,-0.5324194
25.9632900,-29.0941537
26.6773334,-28.3940522
-0.6266244,-0.5463613
27.2210665,26.7575965
26.5209650,27.4716398

-2.0403898,-0.5152530
25.7753477,-29.2604221
26.4939769,-28.5650287
-0.6263672,-0.5384888
27.4001727,26.5818553
26.7047793,27.3004845

-2.0398378,-0.4980883
25.5863764,-29.4254505
26.3095605,-28.7347952
-0.6259984,-0.5306170
27.5781798,26.4049419
26.8875244,27.1281260

-2.0391134,-0.4809265
25.3963843,-29.5892324
26.1240919,-28.9033450
-0.6255183,-0.5227468
27.7550800,26.2268634
27.0691925,26.9545711

-2.0382165,-0.4637692
25.2053794,-29.7517613
25.9375792,-29.0706714
-0.6249268,-0.5148791
27.9308656,26.0476269
27.2497757,26.7798267

-2.0371472,-0.4466175
25.0133701,-29.9130308
25.7500305,-29.2367678
-0.6242240,-0.5070149
28.1055290,25.8672395
27.4292660,26.6038999

-2.0359057,-0.4294728
24.8203646,-30.0730344
25.5614537,-29.4016276
-0.6234099,-0.4991551
28.2790626,25.6857085
27.6076558,26.4267975

-2.0344921,-0.4123366
24.6263712,-30.2317659
25.3718569,-29.5652444
-0.6224848,-0.4913007
28.4514589,25.5030410
27.7849373,26.2485267

-2.0329063,-0.3952100
24.4313982,-30.3892191
25.1812485,-29.7276115
-0.6214485,-0.4834526
28.6227104,25.3192444
27.9611028,26.0690946

-2.0311486,-0.3780944
24.2354541,-30.5453877
24.9896365,-29.8887226
-0.6203012,-0.4756117
28.7928097,25.1343259
28.1361447,25.8885083

-2.0292189,-0.3609913
24.0385473,-30.7002655
24.7970292,-30.0485714
-0.6190429,-0.4677790
28.9617495,24.9482931
28.3100553,25.7067750

-2.0271175,-0.3439018
23.8406863,-30.8538466
24.6034349,-30.2071515
-0.6176738,-0.4599553
29.1295224,24.7611533
28.4828273,25.5239019

-2.0248443,-0.3268274
23.6418795,-31.0061248
24.4088620,-30.3644567
-0.6161938,-0.4521417
29.2961212,24.5729140
28.6544531,25.3398965

-2.0223996,-0.3097696
23.4421356,-31.1570943
24.2133187,-30.5204809
-0.6146031,-0.4443393
29.4615385,24.3835826
28.8249251,25.1547657

-2.0197840,-0.2927304
23.2414627,-31.3067500
24.0168132,-30.6752188
-0.6129024,-0.4365497
29.6257668,24.1931659
28.9942356,24.9685164

-2.0169979,-0.2757118
23.0398691,-31.4550867
23.8193534,-30.8286650
-0.6110919,-0.4287745
29.7887986,24.0016708
29.1623769,24.7811552

-2.0140420,-0.2587160
22.8373630,-31.6020992
23.6209475,-30.9808141
-0.6091723,-0.4210154
29.9506264,23.8091044
29.3293413,24.5926890

-2.0109167,-0.2417449
22.6339527,-31.7477826
23.4216037,-31.1316609
-0.6071440,-0.4132741
30.1112428,23.6154735
29.4951211,24.4031245

-2.0076226,-0.2248007
22.4296467,-31.8921319
23.2213300,-31.2812002
-0.6050075,-0.4055522
30.2706405,23.4207853
29.6597087,24.2124686

-2.0041602,-0.2078853
22.2244534,-32.0351422
23.0201348,-31.4294269
-0.6027634,-0.3978514
30.4288121,23.2250469
29.8230968,24.0207283

-2.0005301,-0.1910009
22.0183812,-32.1768087
22.8180264,-31.5763359
-0.6004121,-0.3901733
30.5857505,23.0282652
29.9852777,23.8279104

-1.9967329,-0.1741494
21.8114386,-32.3171264
22.6150130,-31.7219221
-0.5979542,-0.3825196
30.7414484,22.8304476
30.1462441,23.6340221

-1.9927691,-0.1573330
21.6036342,-32.4560908
22.4111031,-31.8661807
-0.5953901,-0.3748919
30.8958987,22.6316013
30.3059886,23.4390702

-1.9886393,-0.1405538
21.3949765,-32.5936971
22.2063051,-32.0091067
-0.5927203,-0.3672919
31.0490944,22.4317335
30.4645040,23.2430621

-1.9843441,-0.1238136
21.1854742,-32.7299407
22.0006274,-32.1506952
-0.5899454,-0.3597213
31.2010285,22.2308515
30.6217830,23.0460046

-1.9798839,-0.1071147
20.9751360,-32.8648170
21.7940785,-32.2909415
-0.5870658,-0.3521818
31.3516939,22.0289626
30.7778184,22.8479052

-1.9752594,-0.0904590
20.7639705,-32.9983217
21.5866670,-32.4298409
-0.5840821,-0.3446748
31.5010840,21.8260743
30.9326032,22.6487709

-1.9704712,-0.0738487
20.5519865,-33.1304501
21.3784015,-32.5673887
-0.5809947,-0.3372023
31.6491917,21.6221940
31.0861303,22.4486090

-1.9655198,-0.0572857
20.3391928,-33.2611980
21.1692906,-32.7035802
-0.5778042,-0.3297657
31.7960104,21.4173291
31.2383926,22.2474269

-1.9604058,-0.0407721
20.1255983,-33.3905611
20.9593430,-32.8384110
-0.5745110,-0.3223668
31.9415333,21.2114872
31.3893832,22.0452319

-1.9551298,-0.0243100
19.9112118,-33.5185350
20.7485674,-32.9718765
-0.5711156,-0.3150071
32.0857538,21.0046759
31.5390953,21.8420315

-1.9496923,-0.0079014
19.6960421,-33.6451157
20.5369725,-33.1039723
-0.5676186,-0.3076884
32.2286653,20.7969026
31.6875220,21.6378329

-1.9440940,0.0084516
19.4800983,-33.7702989
20.3245671,-33.2346941
-0.5640204,-0.3004124
32.3702613,20.5881751
31.8346565,21.4326438

-1.9383354,0.0247470
19.2633893,-33.8940807
20.1113600,-33.3640376
-0.5603216,-0.2931806
32.5105354,20.3785010
31.9804923,21.2264717

-1.9324171,0.0409827
19.0459242,-34.0164569
19.8973602,-33.4919984
-0.5565226,-0.2859948
32.6494810,20.1678880
32.1250225,21.0193240

-1.9263398,0.0571567
18.8277120,-34.1374238
19.6825765,-33.6185725
-0.5526240,-0.2788565
32.7870920,19.9563440
32.2682407,20.8112085

-1.9201039,0.0732669
18.6087618,-34.2569773
19.4670179,-33.7437557
-0.5486262,-0.2717675
32.9233620,19.7438766
32.4101403,20.6021327

-1.9137102,0.0893114
18.3890827,-34.3751137
19.2506934,-33.8675439
-0.5445298,-0.2647294
33.0582847,19.5304937
32.5507149,20.3921043

-1.9071592,0.1052880
18.1686839,-34.4918293
19.0336119,-33.9899332
-0.5403352,-0.2577439
33.1918541,19.3162032
32.6899581,20.1811311

-1.9004515,0.1211947
17.9475746,-34.6071202
18.8157825,-34.1109196
-0.5360430,-0.2508125
33.3240641,19.1010130
32.8278634,19.9692208

-1.8935880,0.1370303
17.7257638,-34.7209822
18.5972141,-34.2304984
-0.5316538,-0.2439362
33.4549083,18.8849318
32.9644246,19.7563821

-1.8865695,0.1527939
17.5032604,-34.8334105
18.3779156,-34.3486647
-0.5271686,-0.2371155
33.5843806,18.6679687
33.0996348,19.5426238

-1.8793971,0.1684846
17.2800734,-34.9444003
18.1578956,-34.4654136
-0.5225882,-0.2303508
33.7124746,18.4501330
33.2334878,19.3279552

-1.8720717,0.1841016
17.0562118,-35.0539472
17.9371630,-34.5807401
-0.5179134,-0.2236425
33.8391841,18.2314340
33.3659770,19.1123852

-1.8645943,0.1996441
16.8316846,-35.1620464
17.7157269,-34.6946394
-0.5131451,-0.2169912
33.9645031,18.0118808
33.4970961,18.8959230

-1.8569659,0.2151111
16.6065008,-35.2686936
17.4935960,-34.8071069
-0.5082841,-0.2103973
34.0884255,17.7914827
33.6268388,18.6785778

-1.8491873,0.2305019
16.3806696,-35.3738843
17.2707793,-34.9181379
-0.5033312,-0.2038613
34.2109453,17.5702492
33.7551989,18.4603588

-1.8412596,0.2458156
16.1542001,-35.4776141
17.0472858,-35.0277276
-0.4982874,-0.1973837
34.3320566,17.3481895
33.8821701,18.2412753

-1.8331838,0.2610513
15.9271014,-35.5798788
16.8231246,-35.1358717
-0.4931534,-0.1909648
34.4517535,17.1253132
34.0077463,18.0213365

-1.8249608,0.2762082
15.6993827,-35.6806741
16.5983047,-35.2425655
-0.4879301,-0.1846053
34.5700302,16.9016296
34.1319216,17.8005516

-1.8165915,0.2912855
15.4710532,-35.7799959
16.3728352,-35.3478048
-0.4826184,-0.1783054
34.6868810,16.6771482
34.2546898,17.5789302

-1.8080771,0.3062822
15.2421222,-35.8778400
16.1467252,-35.4515851
-0.4772191,-0.1720658
34.8023002,16.4518784
34.3760452,17.3564815

-1.7994184,0.3211977
15.0125989,-35.9742025
15.9199839,-35.5539021
-0.4717330,-0.1658869
34.9162822,16.2258300
34.4959818,17.1332150

-1.7906164,0.3360309
14.7824927,-36.0690794
15.6926204,-35.6547516
-0.4661609,-0.1597691
35.0288216,15.9990123
34.6144938,16.9091400

-1.7816722,0.3507811
14.5518129,-36.1624667
15.4646441,-35.7541296
-0.4605039,-0.1537129
35.1399127,15.7714350
34.7315756,16.6842662

-1.7725867,0.3654475
14.3205688,-36.2543606
15.2360640,-35.8520318
-0.4547626,-0.1477188
35.2495503,15.5431077
34.8472215,16.4586029

-1.7633609,0.3800291
14.0887698,-36.3447575
15.0068895,-35.9484542
-0.4489379,-0.1417873
35.3577290,15.3140402
34.9614258,16.2321598

-1.7539957,0.3945252
13.8564255,-36.4336535
14.7771299,-36.0433930
-0.4430307,-0.1359187
35.4644435,15.0842419
35.0741830,16.0049464

-1.7444923,0.4089349
13.6235451,-36.5210451
14.5467946,-36.1368442
-0.4370419,-0.1301136
35.5696887,14.8537228
35.1854877,15.7769723

-1.7348516,0.4232574
13.3901382,-36.6069287
14.3158928,-36.2288040
-0.4309722,-0.1243725
35.6734593,14.6224925
35.2953346,15.5482471

-1.7250745,0.4374918
13.1562142,-36.6913009
14.0844340,-36.3192686
-0.4248225,-0.1186958
35.7757504,14.3905607
35.4037181,15.3187806

-1.7151622,0.4516373
12.9217828,-36.7741581
13.8524277,-36.4082344
-0.4185937,-0.1130839
35.8765568,14.1579374
35.5106332,15.0885823

-1.7051155,0.4656931
12.6868534,-36.8554970
13.6198831,-36.4956978
-0.4122866,-0.1075374
35.9758738,13.9246323
35.6160746,14.8576620

-1.6949356,0.4796583
12.4514356,-36.9353144
13.3868099,-36.5816551
-0.4059020,-0.1020567
36.0736964,13.6906552
35.7200371,14.6260295

-1.6846234,0.4935322
12.2155390,-37.0136070
13.1532175,-36.6661029
-0.3994409,-0.0966423
36.1700198,13.4560161
35.8225157,14.3936946

-1.6741799,0.5073138
11.9791732,-37.0903716
12.9191154,-36.7490378
-0.3929040,-0.0912945
36.2648393,13.2207248
35.9235055,14.1606669

-1.6636061,0.5210020
11.7423481,-37.1656056
12.6845133,-36.8304567
-0.3862920,-0.0860143
36.3581504,12.9847910
36.0230015,13.9269562

-1.6529026,0.5345951
11.5050735,-37.2393068
12.4494211,-36.9103574
-0.3796056,-0.0808030
36.4499487,12.7482237
36.1209993,13.6925712

-1.6420700,0.5480911
11.2673597,-37.3114735
12.2138488,-36.9887377
-0.3728451,-0.0756623
36.5402303,12.5110316
36.2174946,13.4575207

-1.6311089,0.5614879
11.0292167,-37.3821039
11.9778065,-37.0655958
-0.3660109,-0.0705938
36.6289910,12.2732236
36.3124829,13.2218134

-1.6200199,0.5747835
10.7906547,-37.4511965
11.7413042,-37.1409296
-0.3591035,-0.0655991
36.7162270,12.0348087
36.4059601,12.9854582

-1.6088037,0.5879761
10.5516839,-37.5187496
11.5043521,-37.2147374
-0.3521234,-0.0606798
36.8019342,11.7957956
36.4979220,12.7484637

-1.5974608,0.6010636
10.3123145,-37.5847617
11.2669601,-37.2870173
-0.3450708,-0.0558376
36.8861088,11.5561933
36.5883645,12.5108389

-1.5859919,0.6140440
10.0725566,-37.6492314
11.0291385,-37.3577677
-0.3379463,-0.0510741
36.9687472,11.3160107
36.6772835,12.2725926

-1.5743976,0.6269155
9.8324205,-37.7121573
10.7908973,-37.4269868
-0.3307504,-0.0463909
37.0498456,11.0752568
36.7646751,12.0337336

-1.5626785,0.6396759
9.5919165,-37.7735381
10.5522468,-37.4946733
-0.3234833,-0.0417896
37.1294003,10.8339405
36.8505355,11.7942709

-1.5508353,0.6523233
9.3510548,-37.8333727
10.3131972,-37.5608254
-0.3161456,-0.0372719
37.2074079,10.5920710
36.9348607,11.5542134

-1.5388685,0.6648558
9.1098457,-37.8916597
10.0737586,-37.6254419
-0.3087377,-0.0328393
37.2838648,10.3496571
37.0176470,11.3135700

-1.5267788,0.6772713
8.8682996,-37.9483982
9.8339414,-37.6885212
-0.3012601,-0.0284935
37.3587677,10.1067080
37.0988907,11.0723497

-1.5145668,0.6895680
8.6264267,-38.0035871
9.5937556,-37.7500623
-0.2937131,-0.0242361
37.4321131,9.8632326
37.1785883,10.8305615

-1.5022332,0.7017438
8.3842375,-38.0572255
9.3532117,-37.8100637
-0.2860972,-0.0200687
37.5038979,9.6192402
37.2567361,10.5882144

-1.4897785,0.7137967
8.1417421,-38.1093125
9.1123199,-37.8685245
-0.2784128,-0.0159930
37.5741187,9.3747397
37.3333307,10.3453174

-1.4772035,0.7257249
7.8989511,-38.1598473
8.8710904,-37.9254434
-0.2706604,-0.0120105
37.6427725,9.1297402
37.4083686,10.1018795

-1.4645088,0.7375263
7.6558748,-38.2088291
8.6295337,-37.9808195
-0.2628403,-0.0081230
37.7098562,8.8842511
37.4818467,9.8579099

-1.4516950,0.7491990
7.4125237,-38.2562574
8.3876601,-38.0346519
-0.2549531,-0.0043320
37.7753669,8.6382812
37.5537614,9.6134176

-1.4387627,0.7607410
7.1689081,-38.3021315
8.1454799,-38.0869397
-0.2469991,-0.0006391
37.8393015,8.3918400
37.6241098,9.3684118

-1.4257126,0.7721504
6.9250385,-38.3464508
7.9030035,-38.1376820
-0.2389788,0.0029541
37.9016573,8.1449364
37.6928885,9.1229014

-1.4125454,0.7834251
6.6809253,-38.3892150
7.6602413,-38.1868782
-0.2308926,0.0064459
37.9624315,7.8975798
37.7600947,8.8768958

-1.3992617,0.7945633
6.4365790,-38.4304236
7.4172037,-38.2345276
-0.2227410,0.0098346
38.0216213,7.6497793
37.8257253,8.6304040

-1.3858621,0.8055630
6.1920101,-38.4700765
7.1739011,-38.2806297
-0.2145243,0.0131188
38.0792242,7.4015442
37.8897774,8.3834351

-1.3723473,0.8164222
5.9472290,-38.5081732
6.9303439,-38.3251838
-0.2062430,0.0162967
38.1352375,7.1528836
37.9522481,8.1359985

-1.3587180,0.8271390
5.7022463,-38.5447137
6.6865426,-38.3681896
-0.1978976,0.0193668
38.1896588,6.9038070
38.0131346,7.8881033

-1.3449749,0.8377115
5.4570724,-38.5796977
6.4425077,-38.4096465
-0.1894885,0.0223275
38.2424855,6.6543236
38.0724343,7.6397589

-1.3311197,0.8481411
5.2117168,-38.6131221
6.1982484,-38.4495512
-0.1810172,0.0251804
38.2937144,6.4044460
38.1301435,7.3909776

-1.3171550,0.8584313
4.9661881,-38.6449812
5.9537734,-38.4878976
-0.1724861,0.0279296
38.3433411,6.1541891
38.1862575,7.1417744

-1.3030834,0.8685861
4.7204948,-38.6752694
5.7090911,-38.5246799
-0.1638976,0.0305792
38.3913615,5.9035679
38.2407720,6.8921643

-1.2889076,0.8786092
4.4746455,-38.7039811
5.4642103,-38.5598923
-0.1552540,0.0331333
38.4377715,5.6525976
38.2936827,6.6421624

-1.2746302,0.8885045
4.2286489,-38.7311108
5.2191393,-38.5935288
-0.1465578,0.0355961
38.4825671,5.4012932
38.3449851,6.3917836

-1.2602538,0.8982758
3.9825136,-38.7566531
4.9738868,-38.6255839
-0.1378114,0.0379718
38.5257443,5.1496700
38.3946751,6.1410432

-1.2457811,0.9079270
3.7362481,-38.7806027
4.7284613,-38.6560519
-0.1290171,0.0402645
38.5672993,4.8977429
38.4427486,5.8899562

-1.2312146,0.9174618
3.4898611,-38.8029541
4.4828715,-38.6849273
-0.1201773,0.0424783
38.6072282,4.6455272
38.4892013,5.6385376

-1.2165571,0.9268841
3.2433613,-38.8237024
4.2371259,-38.7122044
-0.1112945,0.0446174
38.6455273,4.3930379
38.5340294,5.3868026

-1.2018112,0.9361978
2.9967572,-38.8428422
3.9912332,-38.7378780
-0.1023710,0.0466860
38.6821930,4.1402902
38.5772288,5.1347662

-1.1869795,0.9454067
2.7500575,-38.8603685
3.7452019,-38.7619426
-0.0934092,0.0486882
38.7172216,3.8872994
38.6187956,4.8824437

-1.1720647,0.9545145
2.5032709,-38.8762764
3.4990407,-38.7843930
-0.0844116,0.0506281
38.7506096,3.6340804
38.6587262,4.6298502

-1.1570694,0.9635252
2.2564061,-38.8905609
3.2527582,-38.8052240
-0.0753804,0.0525100
38.7823536,3.3806486
38.6970167,4.3770007

-1.1419963,0.9724427
2.0094716,-38.9032172
3.0063631,-38.8244305
-0.0663181,0.0543379
38.8124502,3.1270190
38.7336636,4.1239105

-1.1268480,0.9812706
1.7624761,-38.9142405
2.7598639,-38.8420074
-0.0572271,0.0561160
38.8408962,2.8732070
38.7686631,3.8705948

-1.1116272,0.9900130
1.5154284,-38.9236260
2.5132693,-38.8579496
-0.0481098,0.0578484
38.8676882,2.6192276
38.8020118,3.6170685

-1.0963365,0.9986736
1.2683370,-38.9313692
2.2665881,-38.8722524
-0.0389686,0.0595393
38.8928231,2.3650960
38.8337063,3.3633471

-1.0809786,1.0072562
1.0212107,-38.9374656
2.0198288,-38.8849108
-0.0298058,0.0611929
38.9162979,2.1108275
38.8637432,3.1094456

-1.0655562,1.0157648
0.7740582,-38.9419105
1.7730001,-38.8959201
-0.0206239,0.0628133
38.9381095,1.8564373
38.8921192,2.8553792

-1.0500718,1.0242032
0.5268881,-38.9446996
1.5261106,-38.9052756
-0.0114253,0.0644047
38.9582550,1.6019406
38.9188310,2.6011631

-1.0345283,1.0325753
0.2797091,-38.9458287
1.2791692,-38.9129727
-0.0022123,0.0659711
38.9767316,1.3473525
38.9438756,2.3468126

-1.0189282,1.0408848
0.0325298,-38.9452933
1.0321843,-38.9190068
0.0070127,0.0675168
38.9935363,1.0926883
38.9672499,2.0923428

-1.0032742,1.0491357
-0.2146409,-38.9430893
0.7851647,-38.9233735
0.0162473,0.0690459
39.0086666,0.8379633
38.9889508,1.8377689

-0.9875690,1.0573318
-0.4617946,-38.9392126
0.5381191,-38.9260682
0.0254890,0.0705625
39.0221198,0.5831926
39.0089754,1.5831062

-0.9718152,1.0654770
-0.7089223,-38.9336591
0.2910561,-38.9270868
0.0347355,0.0720709
39.0338932,0.3283914
39.0273209,1.3283698

-0.9560156,1.0735751
-0.9560156,-38.9264249
0.0439844,-38.9264249
0.0439844,0.0735751
39.0439844,0.0735751
39.0439844,1.0735751

